Workbook

Sheet 가정
A1: 밸런스 가정 (파란색 = 조절 가능한 입력값)
A3: 세션·회차
A4: 세션 길이 (분) | B4: 12 | C4: 출퇴근 짬짬이 기준
A5: 초기 레벨 캡 | B5: 30 | C5: 1회차 하드 캡
A6: 레벨당 스탯 포인트 | B6: 5 | C6: 기본 지급 (티어 상승 전)
A7: 경험치 곡선
A8: Lv1 필요 EXP | B8: 20
A9: 필요 EXP 공비 (레벨당) | B9: 1.12 | C9: 순한 지수 곡선 (1.1~1.15 권장 범위)
A10: Lv1 몬스터 EXP | B10: 5
A11: 몬스터 EXP 공비 | B11: 1.1 | C11: 필요EXP 공비보다 낮게 → 캡 근처 완만한 감속
A12: 처치당 시간 (초) | B12: 10 | C12: 이동+전투 포함 평균
A13: 플레이어 전투력
A14: 기본 ATK (분배 전) | B14: 10
A15: 스탯 1P당 ATK | B15: 1
A16: ATK 분배 비중 (기준 빌드) | B16: 0.6 | C16: 총 포인트 중 ATK에 넣는 비율
A17: 스킬 계수 (기준 직업 스킬) | B17: 1.2 | C17: 데미지 = 계수 × ATK² / (ATK+DEF)
A18: 몬스터 성장
A19: Lv1 몬스터 HP | B19: 30
A20: 몬스터 HP 공비 | B20: 1.09
A21: Lv1 몬스터 DEF | B21: 5
A22: 몬스터 DEF 공비 | B22: 1.08
A23: 포획 (LUK)
A24: 기본 포획 확률 | B24: 0.03 | C24: 3%
A25: LUK 1P당 포획 보정 | B25: 0.001 | C25: +0.1%p
A26: 포획 천장 (처치 수) | B26: 40 | C26: N마리 처치 시 확정 포획 — 빈손 세션 방지

Sheet 곡선·전투
A1: 레벨 곡선 + 전투 검증 (Lv 1~60) — 주황 행 = 초기 캡
A2: Lv | B2: 필요 EXP | C2: 몬스터 EXP | D2: 레벨업 처치 수 | E2: 누적 처치 | F2: 레벨업 시간(초) | G2: 누적 시간(분) | H2: 분배 가능 P (누적) | I2: ATK (기준 빌드) | J2: 몬스터 HP | K2: 몬스터 DEF | L2: 타격 데미지 | M2: 처치 타수
A3: 1 | B3: =ROUND(가정!$B$8*가정!$B$9^(A3-1),0) -> 20 | C3: =ROUND(가정!$B$10*가정!$B$11^(A3-1),0) -> 5 | D3: =ROUNDUP(B3/C3,0) -> 4 | E3: =SUM($D$3:D3) -> 4 | F3: =D3*가정!$B$12 -> 40 | G3: =ROUND(SUM($F$3:F3)/60,1) -> 0.7 | H3: =(A3-1)*가정!$B$6 -> 0 | I3: =ROUND(가정!$B$14+H3*가정!$B$16*가정!$B$15,0) -> 10 | J3: =ROUND(가정!$B$19*가정!$B$20^(A3-1),0) -> 30 | K3: =ROUND(가정!$B$21*가정!$B$22^(A3-1),1) -> 5 | L3: =ROUND(가정!$B$17*I3^2/(I3+K3),1) -> 8 | M3: =ROUNDUP(J3/L3,0) -> 4
A4: 2 | B4: =ROUND(가정!$B$8*가정!$B$9^(A4-1),0) -> 22 | C4: =ROUND(가정!$B$10*가정!$B$11^(A4-1),0) -> 6 | D4: =ROUNDUP(B4/C4,0) -> 4 | E4: =SUM($D$3:D4) -> 8 | F4: =D4*가정!$B$12 -> 40 | G4: =ROUND(SUM($F$3:F4)/60,1) -> 1.3 | H4: =(A4-1)*가정!$B$6 -> 5 | I4: =ROUND(가정!$B$14+H4*가정!$B$16*가정!$B$15,0) -> 13 | J4: =ROUND(가정!$B$19*가정!$B$20^(A4-1),0) -> 33 | K4: =ROUND(가정!$B$21*가정!$B$22^(A4-1),1) -> 5.4 | L4: =ROUND(가정!$B$17*I4^2/(I4+K4),1) -> 11 | M4: =ROUNDUP(J4/L4,0) -> 3
A5: 3 | B5: =ROUND(가정!$B$8*가정!$B$9^(A5-1),0) -> 25 | C5: =ROUND(가정!$B$10*가정!$B$11^(A5-1),0) -> 6 | D5: =ROUNDUP(B5/C5,0) -> 5 | E5: =SUM($D$3:D5) -> 13 | F5: =D5*가정!$B$12 -> 50 | G5: =ROUND(SUM($F$3:F5)/60,1) -> 2.2 | H5: =(A5-1)*가정!$B$6 -> 10 | I5: =ROUND(가정!$B$14+H5*가정!$B$16*가정!$B$15,0) -> 16 | J5: =ROUND(가정!$B$19*가정!$B$20^(A5-1),0) -> 36 | K5: =ROUND(가정!$B$21*가정!$B$22^(A5-1),1) -> 5.8 | L5: =ROUND(가정!$B$17*I5^2/(I5+K5),1) -> 14.1 | M5: =ROUNDUP(J5/L5,0) -> 3
A6: 4 | B6: =ROUND(가정!$B$8*가정!$B$9^(A6-1),0) -> 28 | C6: =ROUND(가정!$B$10*가정!$B$11^(A6-1),0) -> 7 | D6: =ROUNDUP(B6/C6,0) -> 4 | E6: =SUM($D$3:D6) -> 17 | F6: =D6*가정!$B$12 -> 40 | G6: =ROUND(SUM($F$3:F6)/60,1) -> 2.8 | H6: =(A6-1)*가정!$B$6 -> 15 | I6: =ROUND(가정!$B$14+H6*가정!$B$16*가정!$B$15,0) -> 19 | J6: =ROUND(가정!$B$19*가정!$B$20^(A6-1),0) -> 39 | K6: =ROUND(가정!$B$21*가정!$B$22^(A6-1),1) -> 6.3 | L6: =ROUND(가정!$B$17*I6^2/(I6+K6),1) -> 17.1 | M6: =ROUNDUP(J6/L6,0) -> 3
A7: 5 | B7: =ROUND(가정!$B$8*가정!$B$9^(A7-1),0) -> 31 | C7: =ROUND(가정!$B$10*가정!$B$11^(A7-1),0) -> 7 | D7: =ROUNDUP(B7/C7,0) -> 5 | E7: =SUM($D$3:D7) -> 22 | F7: =D7*가정!$B$12 -> 50 | G7: =ROUND(SUM($F$3:F7)/60,1) -> 3.7 | H7: =(A7-1)*가정!$B$6 -> 20 | I7: =ROUND(가정!$B$14+H7*가정!$B$16*가정!$B$15,0) -> 22 | J7: =ROUND(가정!$B$19*가정!$B$20^(A7-1),0) -> 42 | K7: =ROUND(가정!$B$21*가정!$B$22^(A7-1),1) -> 6.8 | L7: =ROUND(가정!$B$17*I7^2/(I7+K7),1) -> 20.2 | M7: =ROUNDUP(J7/L7,0) -> 3
A8: 6 | B8: =ROUND(가정!$B$8*가정!$B$9^(A8-1),0) -> 35 | C8: =ROUND(가정!$B$10*가정!$B$11^(A8-1),0) -> 8 | D8: =ROUNDUP(B8/C8,0) -> 5 | E8: =SUM($D$3:D8) -> 27 | F8: =D8*가정!$B$12 -> 50 | G8: =ROUND(SUM($F$3:F8)/60,1) -> 4.5 | H8: =(A8-1)*가정!$B$6 -> 25 | I8: =ROUND(가정!$B$14+H8*가정!$B$16*가정!$B$15,0) -> 25 | J8: =ROUND(가정!$B$19*가정!$B$20^(A8-1),0) -> 46 | K8: =ROUND(가정!$B$21*가정!$B$22^(A8-1),1) -> 7.3 | L8: =ROUND(가정!$B$17*I8^2/(I8+K8),1) -> 23.2 | M8: =ROUNDUP(J8/L8,0) -> 2
A9: 7 | B9: =ROUND(가정!$B$8*가정!$B$9^(A9-1),0) -> 39 | C9: =ROUND(가정!$B$10*가정!$B$11^(A9-1),0) -> 9 | D9: =ROUNDUP(B9/C9,0) -> 5 | E9: =SUM($D$3:D9) -> 32 | F9: =D9*가정!$B$12 -> 50 | G9: =ROUND(SUM($F$3:F9)/60,1) -> 5.3 | H9: =(A9-1)*가정!$B$6 -> 30 | I9: =ROUND(가정!$B$14+H9*가정!$B$16*가정!$B$15,0) -> 28 | J9: =ROUND(가정!$B$19*가정!$B$20^(A9-1),0) -> 50 | K9: =ROUND(가정!$B$21*가정!$B$22^(A9-1),1) -> 7.9 | L9: =ROUND(가정!$B$17*I9^2/(I9+K9),1) -> 26.2 | M9: =ROUNDUP(J9/L9,0) -> 2
A10: 8 | B10: =ROUND(가정!$B$8*가정!$B$9^(A10-1),0) -> 44 | C10: =ROUND(가정!$B$10*가정!$B$11^(A10-1),0) -> 10 | D10: =ROUNDUP(B10/C10,0) -> 5 | E10: =SUM($D$3:D10) -> 37 | F10: =D10*가정!$B$12 -> 50 | G10: =ROUND(SUM($F$3:F10)/60,1) -> 6.2 | H10: =(A10-1)*가정!$B$6 -> 35 | I10: =ROUND(가정!$B$14+H10*가정!$B$16*가정!$B$15,0) -> 31 | J10: =ROUND(가정!$B$19*가정!$B$20^(A10-1),0) -> 55 | K10: =ROUND(가정!$B$21*가정!$B$22^(A10-1),1) -> 8.6 | L10: =ROUND(가정!$B$17*I10^2/(I10+K10),1) -> 29.1 | M10: =ROUNDUP(J10/L10,0) -> 2
A11: 9 | B11: =ROUND(가정!$B$8*가정!$B$9^(A11-1),0) -> 50 | C11: =ROUND(가정!$B$10*가정!$B$11^(A11-1),0) -> 11 | D11: =ROUNDUP(B11/C11,0) -> 5 | E11: =SUM($D$3:D11) -> 42 | F11: =D11*가정!$B$12 -> 50 | G11: =ROUND(SUM($F$3:F11)/60,1) -> 7 | H11: =(A11-1)*가정!$B$6 -> 40 | I11: =ROUND(가정!$B$14+H11*가정!$B$16*가정!$B$15,0) -> 34 | J11: =ROUND(가정!$B$19*가정!$B$20^(A11-1),0) -> 60 | K11: =ROUND(가정!$B$21*가정!$B$22^(A11-1),1) -> 9.3 | L11: =ROUND(가정!$B$17*I11^2/(I11+K11),1) -> 32 | M11: =ROUNDUP(J11/L11,0) -> 2
A12: 10 | B12: =ROUND(가정!$B$8*가정!$B$9^(A12-1),0) -> 55 | C12: =ROUND(가정!$B$10*가정!$B$11^(A12-1),0) -> 12 | D12: =ROUNDUP(B12/C12,0) -> 5 | E12: =SUM($D$3:D12) -> 47 | F12: =D12*가정!$B$12 -> 50 | G12: =ROUND(SUM($F$3:F12)/60,1) -> 7.8 | H12: =(A12-1)*가정!$B$6 -> 45 | I12: =ROUND(가정!$B$14+H12*가정!$B$16*가정!$B$15,0) -> 37 | J12: =ROUND(가정!$B$19*가정!$B$20^(A12-1),0) -> 65 | K12: =ROUND(가정!$B$21*가정!$B$22^(A12-1),1) -> 10 | L12: =ROUND(가정!$B$17*I12^2/(I12+K12),1) -> 35 | M12: =ROUNDUP(J12/L12,0) -> 2
A13: 11 | B13: =ROUND(가정!$B$8*가정!$B$9^(A13-1),0) -> 62 | C13: =ROUND(가정!$B$10*가정!$B$11^(A13-1),0) -> 13 | D13: =ROUNDUP(B13/C13,0) -> 5 | E13: =SUM($D$3:D13) -> 52 | F13: =D13*가정!$B$12 -> 50 | G13: =ROUND(SUM($F$3:F13)/60,1) -> 8.7 | H13: =(A13-1)*가정!$B$6 -> 50 | I13: =ROUND(가정!$B$14+H13*가정!$B$16*가정!$B$15,0) -> 40 | J13: =ROUND(가정!$B$19*가정!$B$20^(A13-1),0) -> 71 | K13: =ROUND(가정!$B$21*가정!$B$22^(A13-1),1) -> 10.8 | L13: =ROUND(가정!$B$17*I13^2/(I13+K13),1) -> 37.8 | M13: =ROUNDUP(J13/L13,0) -> 2
A14: 12 | B14: =ROUND(가정!$B$8*가정!$B$9^(A14-1),0) -> 70 | C14: =ROUND(가정!$B$10*가정!$B$11^(A14-1),0) -> 14 | D14: =ROUNDUP(B14/C14,0) -> 5 | E14: =SUM($D$3:D14) -> 57 | F14: =D14*가정!$B$12 -> 50 | G14: =ROUND(SUM($F$3:F14)/60,1) -> 9.5 | H14: =(A14-1)*가정!$B$6 -> 55 | I14: =ROUND(가정!$B$14+H14*가정!$B$16*가정!$B$15,0) -> 43 | J14: =ROUND(가정!$B$19*가정!$B$20^(A14-1),0) -> 77 | K14: =ROUND(가정!$B$21*가정!$B$22^(A14-1),1) -> 11.7 | L14: =ROUND(가정!$B$17*I14^2/(I14+K14),1) -> 40.6 | M14: =ROUNDUP(J14/L14,0) -> 2
... A62: 60 | B62: =ROUND(가정!$B$8*가정!$B$9^(A62-1),0) -> 16029 | C62: =ROUND(가정!$B$10*가정!$B$11^(A62-1),0) -> 1384 | D62: =ROUNDUP(B62/C62,0) -> 12 | E62: =SUM($D$3:D62) -> 457 | F62: =D62*가정!$B$12 -> 120 | G62: =ROUND(SUM($F$3:F62)/60,1) -> 76.2 | H62: =(A62-1)*가정!$B$6 -> 295 | I62: =ROUND(가정!$B$14+H62*가정!$B$16*가정!$B$15,0) -> 187 | J62: =ROUND(가정!$B$19*가정!$B$20^(A62-1),0) -> 4845 | K62: =ROUND(가정!$B$21*가정!$B$22^(A62-1),1) -> 468.8 | L62: =ROUND(가정!$B$17*I62^2/(I62+K62),1) -> 64 | M62: =ROUNDUP(J62/L62,0) -> 76
A64: 체크 지표
A65: 1회차(캡까지) 총 시간(분) | B65: =G32 -> 28.5
A66: 1회차 세션 수 (세션 길이 기준) | B66: =ROUND(B65/가정!$B$4,1) -> 2.4
A67: 목표: 2~3세션. 벗어나면 [처치당 시간]·[몬스터 EXP]·[캡]을 조절
A68: 처치 타수 흐름: Lv1 대비 캡에서 2배 이내 권장. 벗어나면 [HP 공비] 조절

Sheet 빌드 시나리오
A1: 캡 도달 시점(초기 캡)의 분배 빌드 비교 — 파란색 = 분배 입력
A2: 총 분배 P | B2: =(가정!$B$5-1)*가정!$B$6 -> 145
A4: 항목 | B4: 공격 몰빵 | C4: 밸런스형 | D4: 포획(LUK) 회차
A5: ATK 분배 P | B5: 116 | C5: 58 | D5: 58
A6: DEF 분배 P | B6: 29 | C6: 44 | D6: 0
A7: LUK 분배 P | B7: 0 | C7: 43 | D7: 87
A8: 분배 합계 검증 | B8: =IF(SUM(B5:B7)=$B$2,"OK","합계 불일치!") -> OK | C8: =IF(SUM(C5:C7)=$B$2,"OK","합계 불일치!") -> OK | D8: =IF(SUM(D5:D7)=$B$2,"OK","합계 불일치!") -> OK
A9: ATK | B9: =가정!$B$14+B5*가정!$B$15 -> 126 | C9: =가정!$B$14+C5*가정!$B$15 -> 68 | D9: =가정!$B$14+D5*가정!$B$15 -> 68
A10: 타격 데미지 (vs 캡 몬스터) | B10: =ROUND(가정!$B$17*B9^2/(B9+INDEX(곡선·전투!$K$3:$K$62,가정!$B$5)),1) -> 110.4 | C10: =ROUND(가정!$B$17*C9^2/(C9+INDEX(곡선·전투!$K$3:$K$62,가정!$B$5)),1) -> 48.4 | D10: =ROUND(가정!$B$17*D9^2/(D9+INDEX(곡선·전투!$K$3:$K$62,가정!$B$5)),1) -> 48.4
A11: 처치 타수 | B11: =ROUNDUP(INDEX(곡선·전투!$J$3:$J$62,가정!$B$5)/B10,0) -> 4 | C11: =ROUNDUP(INDEX(곡선·전투!$J$3:$J$62,가정!$B$5)/C10,0) -> 8 | D11: =ROUNDUP(INDEX(곡선·전투!$J$3:$J$62,가정!$B$5)/D10,0) -> 8
A12: 포획 확률 | B12: =가정!$B$24+B7*가정!$B$25 -> 0.03 | C12: =가정!$B$24+C7*가정!$B$25 -> 0.073 | D12: =가정!$B$24+D7*가정!$B$25 -> 0.117
A13: 기대 처치 수 (1마리 포획) | B13: =ROUND(1/B12,0) -> 33 | C13: =ROUND(1/C12,0) -> 14 | D13: =ROUND(1/D12,0) -> 9
A14: 천장 대비 (≤1이면 천장 전 기대 포획) | B14: =ROUND(B13/가정!$B$26,2) -> 0.83 | C14: =ROUND(C13/가정!$B$26,2) -> 0.35 | D14: =ROUND(D13/가정!$B$26,2) -> 0.23
A16: 참고: DEF 분배의 생존 효과는 플레이어 피격 모델 확정 후 추가 (v0.2)

Sheet 랜드마크 사다리
A1: 도달 레벨 랜드마크 (환생 시점에 보상 획득) — 전부 초안, 파란색 = 설계 입력
A3: 도달 Lv | B3: 보상 유형 | C3: 보상 내용 | D3: 설계 의도
A4: 30 | B4: 초기 캡 | C4: 첫 환생 가능 | D4: 튜토리얼의 완성. 첫날 도달
A5: 40 | B5: 캡 확장 | C5: 캡 30 → 40 | D5: 두 번째 벽. 한 축만 상승 원칙
A6: 50 | B6: 스탯 티어 | C6: 레벨당 스탯 5 → 6 | D6: 첫 질적 도약
A7: 55 | B7: 직업 해금 | C7: 2번째 직업 | D7: "다음 환생의 이유"
A8: 70 | B8: 슬롯 확장 | C8: 몬스터 스킬 슬롯 +1 | D8: 빌드 폭 확장
A9: 85 | B9: 직업 해금 | C9: 3번째 직업
A10: 100 | B10: 스탯 티어 | C10: 레벨당 스탯 6 → 7 | D10: 두 자릿수 상징 레벨
A11: 120 | B11: 슬롯 확장 | C11: 몬스터 스킬 슬롯 +1
A12: 140 | B12: 직업 해금 | C12: 4번째 직업
A13: 170 | B13: 스탯 티어 | C13: 레벨당 스탯 7 → 8
A14: 200 | B14: 대형 랜드마크 | C14: 상위 콘텐츠 개방 (로드맵) | D14: 엔드게임 진입점
A16: 원칙: ① 한 랜드마크에 한 축만 ② 티어 간격은 완만하게 촘촘히 ③ 랜드마크 사이가 3회차 이상 벌어지면 사이에 보상 삽입
