Workbook

Sheet 가정
A1: 밸런스 가정 v0.2 (파란색 = 조절 가능한 입력값)
A3: 세션·회차
A4: 세션 길이 (분) | B4: 12 | C4: 출퇴근 짬짬이 기준
A5: 초기 레벨 캡 | B5: 30 | C5: 1회차 하드 캡
A6: 레벨당 스탯 포인트 | B6: 5 | C6: 기본 지급 (티어 상승 전)
A7: 경험치 곡선
A8: Lv1 필요 EXP | B8: 20
A9: 필요 EXP 공비 (레벨당) | B9: 1.12 | C9: 순한 지수 곡선 (1.1~1.15 권장 범위)
A10: Lv1 몬스터 EXP | B10: 5
A11: 몬스터 EXP 공비 | B11: 1.1 | C11: 필요EXP 공비보다 낮게 → 캡 근처 완만한 감속
A12: 처치당 시간 (초) | B12: 5 | C12: T9 실측: 전투 1~4초 + 리필 대기. 방 간 이동은 미측정이라 실제는 이보다 김
A13: 플레이어 전투력
A14: 기본 ATK (분배 전) | B14: 10
A15: 스탯 1P당 ATK | B15: 1
A16: ATK 분배 비중 (기준 빌드) | B16: 0.6 | C16: 총 포인트 중 ATK에 넣는 비율
A17: 스킬 계수 (기준 직업 스킬) | B17: 1.2 | C17: 데미지 = 계수 × ATK² / (ATK+DEF)
A18: 몬스터 성장
A19: Lv1 몬스터 HP | B19: 30
A20: 몬스터 HP 공비 | B20: 1.09
A21: Lv1 몬스터 DEF | B21: 5
A22: 몬스터 DEF 공비 | B22: 1.08
A23: 포획 (LUK)
A24: 기본 포획 확률 | B24: 0.03 | C24: 3%
A25: LUK 1P당 포획 보정 | B25: 0.001 | C25: +0.1%p
A26: 포획 천장 (처치 수) | B26: 40 | C26: N마리 처치 시 확정 포획 — 빈손 세션 방지
A28: T9 실측·결정 (v0.2 추가)
A29: 공격 주기 (초) | B29: 1 | C29: T9-2 실측. 1타가 되는 순간이 사냥 속도 상한 — ATK를 더 올려도 안 빨라진다
A30: 몬스터 리필 주기 (초) | B30: 3 | C30: T9-2 실측. 방을 비우면 이만큼 기다린다 — 후반의 실질 병목
A31: 자동 공격 계수 스탯 | B31: max(ATK, INT) | C31: T9-4 결정. 기존 ATK 고정 → 둘 중 높은 쪽. 이래야 INT 빌드가 성립한다
A32: 상시 몬스터 최고 Lv | B32: 12 | C32: T9-4 결정. 기존 5 → 12 (방별 계단). 후반 킬 수와 1타 상한을 같이 푼다
A33: 컬렉션 종 수 | B33: 4 | C33: T9-4 결정. 3종 → 4종 (1종 추가). 3종이면 누구나 다 모아 LUK이 무의미했다

Sheet 곡선·전투
A1: 레벨 곡선 + 전투 검증 (Lv 1~60) — 주황 행 = 초기 캡
A2: Lv | B2: 필요 EXP | C2: 몬스터 EXP | D2: 레벨업 처치 수 | E2: 누적 처치 | F2: 레벨업 시간(초) | G2: 누적 시간(분) | H2: 분배 가능 P (누적) | I2: ATK (기준 빌드) | J2: 몬스터 HP | K2: 몬스터 DEF | L2: 타격 데미지 | M2: 처치 타수
A3: 1 | B3: =ROUND(가정!$B$8*가정!$B$9^(A3-1),0) | C3: =ROUND(가정!$B$10*가정!$B$11^(A3-1),0) | D3: =ROUNDUP(B3/C3,0) | E3: =SUM($D$3:D3) | F3: =D3*가정!$B$12 | G3: =ROUND(SUM($F$3:F3)/60,1) | H3: =(A3-1)*가정!$B$6 | I3: =ROUND(가정!$B$14+H3*가정!$B$16*가정!$B$15,0) | J3: =ROUND(가정!$B$19*가정!$B$20^(A3-1),0) | K3: =ROUND(가정!$B$21*가정!$B$22^(A3-1),1) | L3: =ROUND(가정!$B$17*I3^2/(I3+K3),1) | M3: =ROUNDUP(J3/L3,0)
A4: 2 | B4: =ROUND(가정!$B$8*가정!$B$9^(A4-1),0) | C4: =ROUND(가정!$B$10*가정!$B$11^(A4-1),0) | D4: =ROUNDUP(B4/C4,0) | E4: =SUM($D$3:D4) | F4: =D4*가정!$B$12 | G4: =ROUND(SUM($F$3:F4)/60,1) | H4: =(A4-1)*가정!$B$6 | I4: =ROUND(가정!$B$14+H4*가정!$B$16*가정!$B$15,0) | J4: =ROUND(가정!$B$19*가정!$B$20^(A4-1),0) | K4: =ROUND(가정!$B$21*가정!$B$22^(A4-1),1) | L4: =ROUND(가정!$B$17*I4^2/(I4+K4),1) | M4: =ROUNDUP(J4/L4,0)
A5: 3 | B5: =ROUND(가정!$B$8*가정!$B$9^(A5-1),0) | C5: =ROUND(가정!$B$10*가정!$B$11^(A5-1),0) | D5: =ROUNDUP(B5/C5,0) | E5: =SUM($D$3:D5) | F5: =D5*가정!$B$12 | G5: =ROUND(SUM($F$3:F5)/60,1) | H5: =(A5-1)*가정!$B$6 | I5: =ROUND(가정!$B$14+H5*가정!$B$16*가정!$B$15,0) | J5: =ROUND(가정!$B$19*가정!$B$20^(A5-1),0) | K5: =ROUND(가정!$B$21*가정!$B$22^(A5-1),1) | L5: =ROUND(가정!$B$17*I5^2/(I5+K5),1) | M5: =ROUNDUP(J5/L5,0)
A6: 4 | B6: =ROUND(가정!$B$8*가정!$B$9^(A6-1),0) | C6: =ROUND(가정!$B$10*가정!$B$11^(A6-1),0) | D6: =ROUNDUP(B6/C6,0) | E6: =SUM($D$3:D6) | F6: =D6*가정!$B$12 | G6: =ROUND(SUM($F$3:F6)/60,1) | H6: =(A6-1)*가정!$B$6 | I6: =ROUND(가정!$B$14+H6*가정!$B$16*가정!$B$15,0) | J6: =ROUND(가정!$B$19*가정!$B$20^(A6-1),0) | K6: =ROUND(가정!$B$21*가정!$B$22^(A6-1),1) | L6: =ROUND(가정!$B$17*I6^2/(I6+K6),1) | M6: =ROUNDUP(J6/L6,0)
A7: 5 | B7: =ROUND(가정!$B$8*가정!$B$9^(A7-1),0) | C7: =ROUND(가정!$B$10*가정!$B$11^(A7-1),0) | D7: =ROUNDUP(B7/C7,0) | E7: =SUM($D$3:D7) | F7: =D7*가정!$B$12 | G7: =ROUND(SUM($F$3:F7)/60,1) | H7: =(A7-1)*가정!$B$6 | I7: =ROUND(가정!$B$14+H7*가정!$B$16*가정!$B$15,0) | J7: =ROUND(가정!$B$19*가정!$B$20^(A7-1),0) | K7: =ROUND(가정!$B$21*가정!$B$22^(A7-1),1) | L7: =ROUND(가정!$B$17*I7^2/(I7+K7),1) | M7: =ROUNDUP(J7/L7,0)
A8: 6 | B8: =ROUND(가정!$B$8*가정!$B$9^(A8-1),0) | C8: =ROUND(가정!$B$10*가정!$B$11^(A8-1),0) | D8: =ROUNDUP(B8/C8,0) | E8: =SUM($D$3:D8) | F8: =D8*가정!$B$12 | G8: =ROUND(SUM($F$3:F8)/60,1) | H8: =(A8-1)*가정!$B$6 | I8: =ROUND(가정!$B$14+H8*가정!$B$16*가정!$B$15,0) | J8: =ROUND(가정!$B$19*가정!$B$20^(A8-1),0) | K8: =ROUND(가정!$B$21*가정!$B$22^(A8-1),1) | L8: =ROUND(가정!$B$17*I8^2/(I8+K8),1) | M8: =ROUNDUP(J8/L8,0)
A9: 7 | B9: =ROUND(가정!$B$8*가정!$B$9^(A9-1),0) | C9: =ROUND(가정!$B$10*가정!$B$11^(A9-1),0) | D9: =ROUNDUP(B9/C9,0) | E9: =SUM($D$3:D9) | F9: =D9*가정!$B$12 | G9: =ROUND(SUM($F$3:F9)/60,1) | H9: =(A9-1)*가정!$B$6 | I9: =ROUND(가정!$B$14+H9*가정!$B$16*가정!$B$15,0) | J9: =ROUND(가정!$B$19*가정!$B$20^(A9-1),0) | K9: =ROUND(가정!$B$21*가정!$B$22^(A9-1),1) | L9: =ROUND(가정!$B$17*I9^2/(I9+K9),1) | M9: =ROUNDUP(J9/L9,0)
A10: 8 | B10: =ROUND(가정!$B$8*가정!$B$9^(A10-1),0) | C10: =ROUND(가정!$B$10*가정!$B$11^(A10-1),0) | D10: =ROUNDUP(B10/C10,0) | E10: =SUM($D$3:D10) | F10: =D10*가정!$B$12 | G10: =ROUND(SUM($F$3:F10)/60,1) | H10: =(A10-1)*가정!$B$6 | I10: =ROUND(가정!$B$14+H10*가정!$B$16*가정!$B$15,0) | J10: =ROUND(가정!$B$19*가정!$B$20^(A10-1),0) | K10: =ROUND(가정!$B$21*가정!$B$22^(A10-1),1) | L10: =ROUND(가정!$B$17*I10^2/(I10+K10),1) | M10: =ROUNDUP(J10/L10,0)
A11: 9 | B11: =ROUND(가정!$B$8*가정!$B$9^(A11-1),0) | C11: =ROUND(가정!$B$10*가정!$B$11^(A11-1),0) | D11: =ROUNDUP(B11/C11,0) | E11: =SUM($D$3:D11) | F11: =D11*가정!$B$12 | G11: =ROUND(SUM($F$3:F11)/60,1) | H11: =(A11-1)*가정!$B$6 | I11: =ROUND(가정!$B$14+H11*가정!$B$16*가정!$B$15,0) | J11: =ROUND(가정!$B$19*가정!$B$20^(A11-1),0) | K11: =ROUND(가정!$B$21*가정!$B$22^(A11-1),1) | L11: =ROUND(가정!$B$17*I11^2/(I11+K11),1) | M11: =ROUNDUP(J11/L11,0)
A12: 10 | B12: =ROUND(가정!$B$8*가정!$B$9^(A12-1),0) | C12: =ROUND(가정!$B$10*가정!$B$11^(A12-1),0) | D12: =ROUNDUP(B12/C12,0) | E12: =SUM($D$3:D12) | F12: =D12*가정!$B$12 | G12: =ROUND(SUM($F$3:F12)/60,1) | H12: =(A12-1)*가정!$B$6 | I12: =ROUND(가정!$B$14+H12*가정!$B$16*가정!$B$15,0) | J12: =ROUND(가정!$B$19*가정!$B$20^(A12-1),0) | K12: =ROUND(가정!$B$21*가정!$B$22^(A12-1),1) | L12: =ROUND(가정!$B$17*I12^2/(I12+K12),1) | M12: =ROUNDUP(J12/L12,0)
A13: 11 | B13: =ROUND(가정!$B$8*가정!$B$9^(A13-1),0) | C13: =ROUND(가정!$B$10*가정!$B$11^(A13-1),0) | D13: =ROUNDUP(B13/C13,0) | E13: =SUM($D$3:D13) | F13: =D13*가정!$B$12 | G13: =ROUND(SUM($F$3:F13)/60,1) | H13: =(A13-1)*가정!$B$6 | I13: =ROUND(가정!$B$14+H13*가정!$B$16*가정!$B$15,0) | J13: =ROUND(가정!$B$19*가정!$B$20^(A13-1),0) | K13: =ROUND(가정!$B$21*가정!$B$22^(A13-1),1) | L13: =ROUND(가정!$B$17*I13^2/(I13+K13),1) | M13: =ROUNDUP(J13/L13,0)
A14: 12 | B14: =ROUND(가정!$B$8*가정!$B$9^(A14-1),0) | C14: =ROUND(가정!$B$10*가정!$B$11^(A14-1),0) | D14: =ROUNDUP(B14/C14,0) | E14: =SUM($D$3:D14) | F14: =D14*가정!$B$12 | G14: =ROUND(SUM($F$3:F14)/60,1) | H14: =(A14-1)*가정!$B$6 | I14: =ROUND(가정!$B$14+H14*가정!$B$16*가정!$B$15,0) | J14: =ROUND(가정!$B$19*가정!$B$20^(A14-1),0) | K14: =ROUND(가정!$B$21*가정!$B$22^(A14-1),1) | L14: =ROUND(가정!$B$17*I14^2/(I14+K14),1) | M14: =ROUNDUP(J14/L14,0)
... A62: 60 | B62: =ROUND(가정!$B$8*가정!$B$9^(A62-1),0) | C62: =ROUND(가정!$B$10*가정!$B$11^(A62-1),0) | D62: =ROUNDUP(B62/C62,0) | E62: =SUM($D$3:D62) | F62: =D62*가정!$B$12 | G62: =ROUND(SUM($F$3:F62)/60,1) | H62: =(A62-1)*가정!$B$6 | I62: =ROUND(가정!$B$14+H62*가정!$B$16*가정!$B$15,0) | J62: =ROUND(가정!$B$19*가정!$B$20^(A62-1),0) | K62: =ROUND(가정!$B$21*가정!$B$22^(A62-1),1) | L62: =ROUND(가정!$B$17*I62^2/(I62+K62),1) | M62: =ROUNDUP(J62/L62,0)
A64: 체크 지표
A65: 1회차(캡까지) 총 시간(분) | B65: =G32
A66: 1회차 세션 수 (세션 길이 기준) | B66: =ROUND(B65/가정!$B$4,1)
A67: 목표: 2~3세션. 벗어나면 [처치당 시간]·[몬스터 EXP]·[캡]을 조절
A68: 처치 타수 흐름: Lv1 대비 캡에서 2배 이내 권장. 벗어나면 [HP 공비] 조절

Sheet 방·몬스터 v0.2
A1: 방별 몬스터 계단 (T9-4 결정) — 파란색 = 설계 입력 / 신규 몬스터 배치는 초안
J2: ↓ 레벨당 ATK 투자 P (입력) | K2: 5 | L2: 2
A3: 방 | B3: 이름 | C3: 타입 | D3: 몬스터 | E3: Lv | F3: HP | G3: DEF | H3: EXP | I3: 1타 필요 ATK | J3: 비고 | K3: 공격형 1타 Lv | L3: 균형형 1타 Lv
A4: r_01 | B4: 시작 숲길 | C4: hunt | D4: 초록 슬라임 | E4: 1 | F4: =ROUND(가정!$B$19*가정!$B$20^(E4-1),0) | G4: =ROUND(가정!$B$21*가정!$B$22^(E4-1),1) | H4: =ROUND(가정!$B$10*가정!$B$11^(E4-1),0) | I4: =ROUNDUP((F4/가정!$B$17+SQRT((F4/가정!$B$17)^2+4*(F4/가정!$B$17)*G4))/2,0) | J4: 1회차 시작. 여기서 첫 포획이 난다 | K4: =IF(I4<=가정!$B$14,1,IF(ROUNDUP((I4-가정!$B$14)/(K$2*가정!$B$15),0)+1>가정!$B$5,"캡 내 불가",ROUNDUP((I4-가정!$B$14)/(K$2*가정!$B$15),0)+1)) | L4: =IF(I4<=가정!$B$14,1,IF(ROUNDUP((I4-가정!$B$14)/(L$2*가정!$B$15),0)+1>가정!$B$5,"캡 내 불가",ROUNDUP((I4-가정!$B$14)/(L$2*가정!$B$15),0)+1))
A5: r_02 | B5: 이끼 낀 관문 | C5: gate | D5: 초록 슬라임 | E5: 3 | F5: =ROUND(가정!$B$19*가정!$B$20^(E5-1),0) | G5: =ROUND(가정!$B$21*가정!$B$22^(E5-1),1) | H5: =ROUND(가정!$B$10*가정!$B$11^(E5-1),0) | I5: =ROUNDUP((F5/가정!$B$17+SQRT((F5/가정!$B$17)^2+4*(F5/가정!$B$17)*G5))/2,0) | J5: ATK 20 스탯 게이트. 몬스터는 살짝만 올린다 | K5: =IF(I5<=가정!$B$14,1,IF(ROUNDUP((I5-가정!$B$14)/(K$2*가정!$B$15),0)+1>가정!$B$5,"캡 내 불가",ROUNDUP((I5-가정!$B$14)/(K$2*가정!$B$15),0)+1)) | L5: =IF(I5<=가정!$B$14,1,IF(ROUNDUP((I5-가정!$B$14)/(L$2*가정!$B$15),0)+1>가정!$B$5,"캡 내 불가",ROUNDUP((I5-가정!$B$14)/(L$2*가정!$B$15),0)+1))
A6: r_03 | B6: 무너진 서고 | C6: hunt | D6: 주황 버섯 | E6: 8 | F6: =ROUND(가정!$B$19*가정!$B$20^(E6-1),0) | G6: =ROUND(가정!$B$21*가정!$B$22^(E6-1),1) | H6: =ROUND(가정!$B$10*가정!$B$11^(E6-1),0) | I6: =ROUNDUP((F6/가정!$B$17+SQRT((F6/가정!$B$17)^2+4*(F6/가정!$B$17)*G6))/2,0) | J6: 열쇠=돌진 → 2회차 이상 전용 (기획서 4.4) | K6: =IF(I6<=가정!$B$14,1,IF(ROUNDUP((I6-가정!$B$14)/(K$2*가정!$B$15),0)+1>가정!$B$5,"캡 내 불가",ROUNDUP((I6-가정!$B$14)/(K$2*가정!$B$15),0)+1)) | L6: =IF(I6<=가정!$B$14,1,IF(ROUNDUP((I6-가정!$B$14)/(L$2*가정!$B$15),0)+1>가정!$B$5,"캡 내 불가",ROUNDUP((I6-가정!$B$14)/(L$2*가정!$B$15),0)+1))
A7: r_04 | B7: 돌무덤 길 | C7: hunt | D7: [신규 1종] | E7: 12 | F7: =ROUND(가정!$B$19*가정!$B$20^(E7-1),0) | G7: =ROUND(가정!$B$21*가정!$B$22^(E7-1),1) | H7: =ROUND(가정!$B$10*가정!$B$11^(E7-1),0) | I7: =ROUNDUP((F7/가정!$B$17+SQRT((F7/가정!$B$17)^2+4*(F7/가정!$B$17)*G7))/2,0) | J7: 초안: LUK 목표를 여기 둔다. 1회차에 닿는 가장 깊은 사냥방 | K7: =IF(I7<=가정!$B$14,1,IF(ROUNDUP((I7-가정!$B$14)/(K$2*가정!$B$15),0)+1>가정!$B$5,"캡 내 불가",ROUNDUP((I7-가정!$B$14)/(K$2*가정!$B$15),0)+1)) | L7: =IF(I7<=가정!$B$14,1,IF(ROUNDUP((I7-가정!$B$14)/(L$2*가정!$B$15),0)+1>가정!$B$5,"캡 내 불가",ROUNDUP((I7-가정!$B$14)/(L$2*가정!$B$15),0)+1))
A8: r_05 | B8: 석상의 방 | C8: boss | D8: 돌 정령 | E8: 15 | F8: =ROUND(가정!$B$19*가정!$B$20^(E8-1),0) | G8: =ROUND(가정!$B$21*가정!$B$22^(E8-1),1) | H8: =ROUND(가정!$B$10*가정!$B$11^(E8-1),0) | I8: =ROUNDUP((F8/가정!$B$17+SQRT((F8/가정!$B$17)^2+4*(F8/가정!$B$17)*G8))/2,0) | J8: 회차당 1마리 (T9-1). 포획이 LUK에 가장 민감한 자리 | K8: =IF(I8<=가정!$B$14,1,IF(ROUNDUP((I8-가정!$B$14)/(K$2*가정!$B$15),0)+1>가정!$B$5,"캡 내 불가",ROUNDUP((I8-가정!$B$14)/(K$2*가정!$B$15),0)+1)) | L8: =IF(I8<=가정!$B$14,1,IF(ROUNDUP((I8-가정!$B$14)/(L$2*가정!$B$15),0)+1>가정!$B$5,"캡 내 불가",ROUNDUP((I8-가정!$B$14)/(L$2*가정!$B$15),0)+1))
A10: v0.1 대비: 상시 몬스터가 Lv5에서 멈춰 후반 632킬(시트 가정의 3.9배)이 됐다. 계단으로 되돌린다.
A11: 1타 필요 ATK = 그 몬스터를 한 방에 잡는 ATK. 이 값을 넘으면 스탯을 더 올려도 사냥이 안 빨라진다.
A12: ⚠ r_04의 신규 몬스터는 종류·스프라이트·스킬 미정. 배치만 초안으로 잡아 둔 것 — 구현 태스크에서 확정할 것.
A13: 효과: v0.1에서는 ATK 45(Lv8)에 모든 방이 1타가 돼 그 위 22레벨이 무의미했다. 계단을 넣으면 공격형도 보스 1타가 Lv18로 밀리고, 균형형은 캡까지 도달하지 못한다 — 빌드 차이가 캡까지 유지된다.

Sheet T9 실측
A1: T9 통짜 런 실측 (2026-08-07~08) — 시트 예측과의 대조
A3: 항목 | B3: 시트 v0.1 예측 | C3: T9 실측 | D3: 판정 | E3: 비고
A4: Lv1→2 소요 | B4: 40초 | C4: 11.8초 | D4: 빠름 | E4: 이동 제외, 자동 공격만
A5: ATK 20 게이트 도달 | B5: 약 32초 (Lv3) | C5: 26.7초 | D5: ±20% 이내 OK | E5: T4 완료 조건 통과
A6: Lv30까지 총 킬 | B6: 164킬 (동레벨 몬스터 가정) | C6: 632킬 | D6: 3.9배 초과 | E6: 상시 몬스터가 Lv5에서 멈춤 → 결정 2로 교정
A7: Lv30까지 순수 전투 | B7: 27분 | C7: 11.1분 | D7: 빠름 | E7: 리필 대기 제외한 값
A8: 보스 격파 | B8: - | C8: 5.1초 (5타) | D8: - | E8: 돌 정령 HP65 @ATK20
A9: 사냥 속도 상한 | B9: 없음(가정) | C9: ATK 45 = Lv8 | D9: 설계 이탈 | E9: 1타가 되면 그 위는 무효 → 결정 2로 교정
A10: 빌드 3종 시간차 | B10: 타수 4 vs 8 | C10: 11.1 vs 12.5분 (12%) | D10: 수렴 | E10: Lv20부터 셋이 완전히 동일
A11: 포획 첫 성공 | B11: 기대 33킬 | C11: 기대 23.5킬 / 실측 8킬 | D11: 일치 | E11: 천장 40 반영 시 기댓값
A12: DEF 효과 | B12: 밸런스형 44P 배분 | C12: 전투에서 미사용 | D12: 미구현 | E12: 기획서 4.7에 정의는 있음 — 구현 항목
A13: INT 효과 | B13: - | C13: 포자 살포(계수 1.10) 경로 있음 | D13: 성립 불가 | E13: 자동 공격이 총딜 83% + ATK 고정 → 결정 1로 교정
A15: 측정 방법: maker_execute_script로 LevelCurve / CombatFormula / GetCaptureRate를 실제 호출. 측정 스크립트는 프로젝트에 남기지 않았다.

Sheet 빌드 시나리오
A1: 캡 도달 시점(초기 캡)의 분배 빌드 비교 — 파란색 = 분배 입력
A2: 총 분배 P | B2: =(가정!$B$5-1)*가정!$B$6
A4: 항목 | B4: 공격 몰빵 | C4: 밸런스형 | D4: 포획(LUK) 회차
A5: ATK 분배 P | B5: 116 | C5: 58 | D5: 58
A6: DEF 분배 P | B6: 29 | C6: 44 | D6: 0
A7: LUK 분배 P | B7: 0 | C7: 43 | D7: 87
A8: 분배 합계 검증 | B8: =IF(SUM(B5:B7)=$B$2,"OK","합계 불일치!") | C8: =IF(SUM(C5:C7)=$B$2,"OK","합계 불일치!") | D8: =IF(SUM(D5:D7)=$B$2,"OK","합계 불일치!")
A9: ATK | B9: =가정!$B$14+B5*가정!$B$15 | C9: =가정!$B$14+C5*가정!$B$15 | D9: =가정!$B$14+D5*가정!$B$15
A10: 타격 데미지 (vs 캡 몬스터) | B10: =ROUND(가정!$B$17*B9^2/(B9+INDEX(곡선·전투!$K$3:$K$62,가정!$B$5)),1) | C10: =ROUND(가정!$B$17*C9^2/(C9+INDEX(곡선·전투!$K$3:$K$62,가정!$B$5)),1) | D10: =ROUND(가정!$B$17*D9^2/(D9+INDEX(곡선·전투!$K$3:$K$62,가정!$B$5)),1)
A11: 처치 타수 | B11: =ROUNDUP(INDEX(곡선·전투!$J$3:$J$62,가정!$B$5)/B10,0) | C11: =ROUNDUP(INDEX(곡선·전투!$J$3:$J$62,가정!$B$5)/C10,0) | D11: =ROUNDUP(INDEX(곡선·전투!$J$3:$J$62,가정!$B$5)/D10,0)
A12: 포획 확률 | B12: =가정!$B$24+B7*가정!$B$25 | C12: =가정!$B$24+C7*가정!$B$25 | D12: =가정!$B$24+D7*가정!$B$25
A13: 기대 처치 수 (1마리 포획) | B13: =ROUND(1/B12,0) | C13: =ROUND(1/C12,0) | D13: =ROUND(1/D12,0)
A14: 천장 대비 (≤1이면 천장 전 기대 포획) | B14: =ROUND(B13/가정!$B$26,2) | C14: =ROUND(C13/가정!$B$26,2) | D14: =ROUND(D13/가정!$B$26,2)
A15: 1타 상한 도달? | B15: =IF(B11<=1,"도달 — 이 위로는 ATK가 무의미","아직") | C15: =IF(C11<=1,"도달 — 이 위로는 ATK가 무의미","아직") | D15: =IF(D11<=1,"도달 — 이 위로는 ATK가 무의미","아직")
A16: v0.2 실측: DEF는 전투에서 읽히지 않는다(미구현). 위 DEF 분배 P는 게이트 판정에만 쓰인다 — 피격 감쇄 구현 후 이 표를 다시 계산할 것.
A17: v0.2 실측: 자동 공격이 총딜의 83%를 내고 계수 스탯이 ATK 고정이라 위 표는 액티브 스킬을 반영하지 못한다. 결정 1(max(ATK,INT)) 적용 후 INT 열을 추가할 것.

Sheet 랜드마크 사다리
A1: 도달 레벨 랜드마크 (환생 시점에 보상 획득) — 전부 초안, 파란색 = 설계 입력
A3: 도달 Lv | B3: 보상 유형 | C3: 보상 내용 | D3: 설계 의도
A4: 30 | B4: 초기 캡 | C4: 첫 환생 가능 | D4: 튜토리얼의 완성. 첫날 도달
A5: 40 | B5: 캡 확장 | C5: 캡 30 → 40 | D5: 두 번째 벽. 한 축만 상승 원칙
A6: 50 | B6: 스탯 티어 | C6: 레벨당 스탯 5 → 6 | D6: 첫 질적 도약
A7: 55 | B7: 직업 해금 | C7: 2번째 직업 | D7: "다음 환생의 이유"
A8: 70 | B8: 슬롯 확장 | C8: 몬스터 스킬 슬롯 +1 | D8: 빌드 폭 확장
A9: 85 | B9: 직업 해금 | C9: 3번째 직업
A10: 100 | B10: 스탯 티어 | C10: 레벨당 스탯 6 → 7 | D10: 두 자릿수 상징 레벨
A11: 120 | B11: 슬롯 확장 | C11: 몬스터 스킬 슬롯 +1
A12: 140 | B12: 직업 해금 | C12: 4번째 직업
A13: 170 | B13: 스탯 티어 | C13: 레벨당 스탯 7 → 8
A14: 200 | B14: 대형 랜드마크 | C14: 상위 콘텐츠 개방 (로드맵) | D14: 엔드게임 진입점
A16: 원칙: ① 한 랜드마크에 한 축만 ② 티어 간격은 완만하게 촘촘히 ③ 랜드마크 사이가 3회차 이상 벌어지면 사이에 보상 삽입
